system_id,state,dc_capacity_kW,years,latitude,longitude,available_sensor_channels,has_weather_sensors
14509,,6.37,65.2876,33.7589,-117.79127,20,True
50,CO,6.0,31.2301,39.742,-105.1727,23,True
51,CO,6.0,31.2301,39.7416,-105.1734,23,True
10,CO,1.12,19.5643,39.7404,-105.1774,14,True
1208,CO,2.7135081,18.1643,39.7407,-105.1694,17,True
4,CO,1.0,17.9342,39.7406,-105.1774,15,True
33,CO,2.4,15.3917,39.7404,-105.1772,15,True
1289,,1.82,7.6465,39.7405,-105.1774,18,True
14502,,19.07,5.4712,33.76252,-117.77457,40,True
14504,,13.49,5.4712,33.76374,-117.79618,20,True
14512,,7.97,5.4684,33.753,-117.782,12,True
14515,,5.3,5.4684,33.77289,-117.80456,11,True
14516,,6.14,5.4684,33.73253,-117.87477,28,True
14519,,12.1,5.4684,33.75315,-117.78991,33,True
14521,,12.42,5.4684,33.78286,-117.80296,33,True
14522,,10.56,5.4684,33.77971,-117.77954,12,True
14523,,6.91,5.4684,33.76854,-117.77599,12,True
14527,,4.88,5.4684,33.75447,-117.88624,12,True
14528,,9.41,5.4684,33.75727,-117.78338,24,True
14530,,6.94,5.4684,33.76816,-117.77159,11,True
14531,,5.4,5.4684,33.71185,-117.90075,12,True
14532,,3.77,5.4684,33.73603,-117.8589,12,True
14535,,7.21,5.4684,33.7681,-117.80548,11,True
14536,,7.86,5.4684,33.76847,-117.82252,12,True
14539,,8.11,5.4684,33.76994,-117.81311,12,True
14540,,8.05,5.4684,33.74546,-117.82033,12,True
14541,,18.8,5.4684,33.77785,-117.79553,52,True
14542,,10.2,5.4684,33.76153,-117.83256,24,True
14548,,12.25,5.4684,33.76476,-117.77835,36,True
14550,,2.86,5.4684,33.72463,-117.88905,12,True
14547,,9.26,5.463,33.76123,-117.83176,24,True
14544,,3.78,5.4082,33.76801,-117.77933,12,True
14526,,6.27,5.389,33.74754,-117.79433,11,True
14533,,5.86,5.389,33.77153,-117.83225,12,True
14543,,10.79,5.3178,33.77687,-117.77876,32,True
14557,,5.24,5.3013,33.77101,-117.79094,14,True
14556,,3.0,5.252,33.70228,-117.89388,12,True
14555,,5.37,5.0493,33.71978,-117.89941,24,True
14560,,8.83,5.0273,33.7229,-117.86562,24,True
14517,,5.13,5.0246,33.73036,-117.87135,11,True
14524,,12.26,4.9424,33.78286,-117.80296,33,True
14538,,9.74,4.8575,33.77247,-117.79124,12,True
14554,,11.21,4.8164,33.78048,-117.78957,23,True
14500,,14.43,4.7835,33.75971,-117.77904,30,True
14510,,5.09,4.7479,33.77506,-117.823,20,True
14546,,5.06,4.6794,33.77268,-117.77746,11,True
14552,,10.71,4.6575,33.7662,-117.795,12,True
14566,,4.97,4.6054,33.7044,-117.87319,20,True
14558,,5.67,4.5589,33.71708,-117.87168,24,True
14551,,6.75,4.4465,33.76679,-117.77957,24,True
14561,,2.92,4.4383,33.72984,-117.88265,12,True
14565,,3.48,4.4356,33.7239,-117.87163,12,True
14595,,12.65,4.3917,33.70815,-117.89726,31,True
14607,,4.17,4.2794,33.74791,-117.79909,20,True
14592,,6.63,4.2739,33.75245,-117.78435,11,True
14506,,15.7,4.189,33.76928,-117.77176,20,True
14559,,2.95,4.1808,33.71711,-117.85799,12,True
14564,,3.99,4.1041,33.71162,-117.85827,20,True
14608,,10.97,3.989,33.77032,-117.77674,46,True
14604,,5.63,3.9863,33.76741,-117.84918,20,True
14594,,10.17,3.9561,33.77946,-117.79081,24,True
14614,,19.18,3.9534,33.7323,-117.92663,60,True
14620,,5.13,3.9205,33.77092,-117.84895,40,True
14611,,6.55,3.8931,33.76015,-117.79581,26,True
14616,,5.99,3.841,33.77042,-117.78873,20,True
14606,,3.7,3.8356,33.72259,-117.86387,20,True
14622,,2.99,3.8356,33.71005,-117.87967,20,True
14627,,8.77,3.7041,33.77696,-117.76258,40,True
14633,,8.66,3.6657,33.77017,-117.78862,40,True
14618,,5.09,3.6219,33.71272,-117.89989,20,True
14599,,3.1,3.5534,33.7072,-117.88819,20,True
14617,,8.77,3.5232,33.76616,-117.79083,40,True
14632,,3.94,3.5123,33.75121,-117.89995,12,True
14631,,3.77,3.3972,33.74643,-117.88449,12,True
14549,,4.55,3.3753,33.70567,-117.88395,12,True
14603,,6.45,3.3753,33.77579,-117.79327,24,True
14508,,15.08,3.3561,33.78175,-117.77969,18,True
14639,,7.41,3.3178,33.78395,-117.80195,40,True
14642,,3.9,3.2958,33.75198,-117.79864,20,True
14649,,3.09,3.2931,33.71342,-117.88995,20,True
14650,,3.84,3.2794,33.71979,-117.89025,12,True
14623,,9.03,3.2712,33.71733,-117.90137,60,True
14593,,4.67,3.241,33.73406,-117.88101,12,True
14653,,4.57,3.2054,33.76465,-117.78683,20,True
14613,,3.96,3.2,33.73183,-117.88328,20,True
14621,,7.11,3.2,33.74358,-117.79832,20,True
14628,,6.89,3.1698,33.77353,-117.82254,20,True
14652,,6.03,3.1616,33.78223,-117.79946,20,True
14662,,5.5,3.1452,33.77687,-117.77876,23,True
14664,,3.47,3.1424,33.75867,-117.93137,32,True
14648,,2.71,3.0958,33.72671,-117.86102,20,True
14661,,11.74,3.0684,33.74823,-117.78315,52,True
14630,,6.51,3.0136,33.76443,-117.854,40,True
14656,,9.24,3.0,33.74684,-117.88789,40,True
14663,,12.4,2.989,33.77606,-117.79724,412,True
14660,,5.92,2.9315,33.72767,-117.91417,212,True
14612,,2.92,2.915,33.74868,-117.85893,20,True
14686,,17.06,2.9041,33.77175,-117.81206,572,True
14682,,12.08,2.8657,33.76794,-117.77692,412,True
14624,,5.42,2.863,33.70815,-117.89726,20,True
14680,,13.51,2.8383,33.74269,-117.80039,452,True
14681,,3.76,2.8246,33.74262,-117.86891,32,True
14677,,6.77,2.8219,33.74978,-117.9284,232,True
14629,,13.13,2.8109,33.77374,-117.7969,40,True
14562,,2.54,2.7671,33.72617,-117.85895,20,True
14667,,7.31,2.7643,33.7637,-117.79672,252,True
14679,,4.43,2.7506,33.77035,-117.77527,32,True
14640,,7.03,2.7452,33.76709,-117.78855,20,True
14665,,5.19,2.7287,33.72773,-117.87792,32,True
14537,,5.36,2.7041,33.76253,-117.78953,12,True
14684,,7.1,2.7013,33.75499,-117.80835,252,True
14591,,4.03,2.6794,33.73364,-117.88326,12,True
14619,,5.05,2.6767,33.73168,-117.90746,12,True
14626,,2.92,2.6575,33.73744,-117.88689,12,True
14659,,3.81,2.6575,33.72058,-117.88759,20,True
14638,,3.33,2.6356,33.7175,-117.90682,12,True
14676,,5.44,2.6356,33.74236,-117.79859,32,True
14685,,2.89,2.6109,33.73972,-117.88786,32,True
14666,,12.91,2.5945,33.76225,-117.8167,432,True
14643,,2.79,2.578,33.73912,-117.90095,20,True
14520,,8.84,2.5726,33.77495,-117.77457,12,True
14635,,3.64,2.5671,33.73063,-117.87681,12,True
14673,,11.38,2.5534,33.73348,-117.93399,392,True
14534,,4.32,2.5369,33.70651,-117.87808,12,True
14668,,11.57,2.526,33.75226,-117.7874,352,True
14691,,7.06,2.5095,33.7191,-117.86395,312,True
14634,,5.29,2.5041,33.75208,-117.90064,20,True
14699,,8.47,2.4712,33.72305,-117.86562,52,True
14693,,16.84,2.4575,33.77144,-117.80747,532,True
14692,,3.9,2.4328,33.71832,-117.8958,32,True
14674,,4.98,2.4109,33.73879,-117.88433,172,True
14702,,16.53,2.4027,33.71465,-117.89711,512,True
14688,,6.67,2.4,33.75158,-117.93717,222,True
14700,,7.55,2.4,33.75777,-117.80772,242,True
14703,,10.68,2.3863,33.78406,-117.79814,332,True
14708,,2.48,2.3753,33.72836,-117.88928,32,True
14671,,9.41,2.3534,33.76991,-117.81219,312,True
14605,,3.86,2.2931,33.74471,-117.87059,20,True
14672,,17.96,2.2849,33.77997,-117.79503,532,True
14719,,0.74,2.2794,33.751,-117.8597,24,True
14709,,14.46,2.2575,33.75467,-117.93081,472,True
14718,,3.84,2.2465,33.74589,-117.93778,32,True
14713,,15.68,2.241,33.77431,-117.79152,932,True
14714,,19.57,2.2082,33.73404,-117.93871,612,True
14610,,9.4,2.2027,33.76493,-117.79211,22,True
14615,,3.83,2.1917,33.73702,-117.88444,26,True
14511,,16.08,2.1369,33.75424,-117.78643,10,True
14644,,2.63,2.126,33.72739,-117.86436,12,True
14729,,16.81,2.1123,33.75429,-117.79287,532,True
14722,,11.09,2.1095,33.74115,-117.90317,372,True
14715,,9.39,2.0958,33.71614,-117.85845,332,True
14720,,6.99,2.0931,33.74398,-117.80025,212,True
14716,,5.55,2.0794,33.7611,-117.78303,172,True
14730,,1.63,2.0794,33.75135,-117.85979,24,True
14641,,5.77,2.0712,33.72747,-117.88267,24,True
14726,,6.85,2.0493,33.75971,-117.77904,222,True
14609,,5.72,2.0465,33.719,-117.87225,26,True
14725,,3.13,2.0191,33.7609,-117.91514,102,True
14529,,6.31,1.9945,33.76696,-117.81619,12,True
14721,,6.53,1.9726,33.75107,-117.84411,32,True
14724,,6.01,1.9561,33.76251,-117.84766,212,True
14731,,9.79,1.9397,33.71506,-117.90164,322,True
14514,,4.22,1.9342,33.76265,-117.81627,11,True
14683,,10.09,1.926,33.77433,-117.78651,312,True
14735,,17.59,1.9205,33.76992,-117.80845,552,True
14654,,7.54,1.9178,33.75867,-117.93137,40,True
14658,,4.77,1.9178,33.75076,-117.91758,40,True
14734,,6.83,1.9178,33.76255,-117.91508,232,True
14712,,5.64,1.8931,33.74195,-117.87952,192,True
14707,,1.68,1.8876,33.73464,-117.92019,72,True
14689,,1.6,1.8821,33.73464,-117.92019,72,True
14675,,7.54,1.8794,33.75309,-117.92653,242,True
14732,,2.75,1.8684,33.71677,-117.9068,10,True
14704,,1.29,1.8465,33.73362,-117.92003,72,True
14563,,2.72,1.8054,33.71753,-117.86007,18,True
14646,,3.81,1.7643,33.71578,-117.87933,20,True
14706,,1.58,1.7452,33.73464,-117.92019,72,True
14737,,4.67,1.7068,33.73244,-117.90365,152,True
14723,,9.39,1.7041,33.77521,-117.83746,372,True
14625,,11.88,1.6986,33.74754,-117.92856,40,True
14733,,7.23,1.6739,33.74078,-117.89149,232,True
14736,,5.46,1.6739,33.74723,-117.89062,192,True
14705,,3.48,1.6575,33.73359,-117.92036,132,True
14651,,11.96,1.6273,33.74138,-117.79436,11,True
14701,,1.6,1.6273,33.73464,-117.92019,72,True
14738,,10.19,1.6136,33.78669,-117.77399,322,True
14727,,1.59,1.6109,33.64171,-117.91869,72,True
14728,,1.68,1.6082,33.64171,-117.91869,60,True
14636,,4.0,1.5671,33.69799,-117.87489,12,True
14647,,3.23,1.4547,33.71915,-117.87426,12,True
14687,,3.99,1.4328,33.74455,-117.80341,142,True
14670,,3.08,1.4027,33.74014,-117.8929,32,True
14657,,2.44,1.2849,33.74172,-117.91413,20,True
14518,,2.83,1.2739,33.74747,-117.79845,11,True
14590,,6.25,1.2246,33.69928,-117.8765,40,True
11740,,2.16,14.0027,36.106698,-79.145508,2,False
10000,,5.85,13.9369,44.914573,-93.162525,2,False
10003,,11.04,13.7534,40.346434,-76.423645,2,False
10020,,6.525,13.1917,33.754828,-117.769851,2,False
10019,,7.82,13.1589,39.798127,-105.226237,2,False
10021,,6.72,13.1589,40.706246,-111.85657,2,False
10022,,6.525,13.1424,33.739571,-117.78618,2,False
10034,,4.41,13.1041,42.907903,-76.301451,2,False
12184,,14.4,13.0904,32.742892,-117.12774,2,False
10014,,6.0,13.0876,37.358162,-119.679978,2,False
10024,,7.7,13.052,30.216108,-97.85828,2,False
10027,,4.7,13.0273,38.819863,-77.05854,2,False
10026,,8.28,13.0219,40.543354,-74.3587,2,False
10032,,3.24,13.0219,33.053092,-117.26855,2,False
10053,,6.58,13.0164,45.511033,-122.794381,2,False
10035,,9.408,13.0136,37.34901,-122.262354,2,False
10036,,1.92,13.0109,39.317735,-84.24728,2,False
10046,,8.82,13.0,41.823502,-73.773153,2,False
10012,,7.524,12.9917,40.889911,-75.1112,2,False
10041,,4.08,12.9808,34.639682,-120.4471,2,False
10043,,5.5,12.9726,40.737132,-111.86044,2,False
10060,,2.25,12.9726,37.889125,-122.29371,2,False
10040,,8.325,12.9616,42.457201,-71.37478,2,False
12087,,9.912,12.9589,42.457201,-71.37478,2,False
10045,,7.41,12.9561,40.7143,-73.55527,2,False
10044,,11.04,12.9534,38.588301,-88.03692,2,False
10047,,4.6,12.9534,40.041472,-77.197073,2,False
10048,,10.0,12.9506,39.543274,-76.59298,2,False
10050,,3.76,12.9479,34.049789,-84.38539,2,False
10010,,12.192,12.9452,45.136089,-88.010933,2,False
10039,,6.48,12.915,35.755651,-78.77508,2,False
10055,,7.75,12.915,34.401608,-119.310759,2,False
10018,,5.04,12.9123,37.777208,-121.955399,2,False
10058,,8.1,12.8602,41.823502,-73.773165,2,False
10056,,11.28,12.7287,40.153144,-88.142158,2,False
10067,,6.24,12.715,33.852449,-117.732192,2,False
11995,,5.04,12.715,30.1972,-97.82556,2,False
10069,,5.0,12.7041,37.256743,-121.92312,2,False
11612,,5.76,12.6849,42.457201,-71.37478,2,False
10071,,5.355,12.6657,40.275042,-120.523978,2,False
11814,,6.72,12.6438,42.457201,-71.37478,2,False
12082,,4.9,12.6109,42.457201,-71.37478,2,False
10076,,7.05,12.589,40.595359,-77.5774,2,False
10029,,11.04,12.5808,40.206057,-75.66107,2,False
10079,,6.0,12.5616,36.864488,-119.625961,2,False
11490,,2.96,12.5561,40.032664,-76.27575,2,False
10089,,14.4,12.5506,44.726517,-92.86147,2,False
10082,,3.536,12.5232,41.618754,-70.867667,2,False
10086,,9.4,12.4986,27.091783,-82.44846,2,False
11460,,7.52,12.4958,40.434239,-74.40504,2,False
11508,,9.36,12.4547,42.457201,-71.37478,2,False
10092,,4.725,12.441,32.216326,-110.88511,2,False
11516,,4.32,12.4219,42.659936,-70.61727,2,False
10106,,5.04,12.3835,34.290657,-118.536841,2,False
10101,,4.864,12.3698,40.742901,-73.67895,2,False
10102,,4.935,12.3643,38.88106,-76.983248,2,False
10103,,4.998,12.3561,36.04347,-85.094842,2,False
10110,,3.75,12.3397,44.018871,-88.61324,2,False
11952,,6.48,12.3397,42.457201,-71.37478,2,False
10105,,6.72,12.3041,27.966602,-80.650309,2,False
10119,,10.29,12.2602,40.503746,-111.96327,2,False
10114,,3.06,12.2438,37.35115,-120.6056,2,False
11498,,4.655,12.2082,42.457201,-71.37478,2,False
10118,,3.924,12.1808,33.179587,-117.24461,2,False
10122,,5.635,12.1671,38.819297,-89.9551,2,False
10081,,4.4,12.1589,39.279498,-77.651917,2,False
11710,,3.5,12.1506,39.440152,-84.22175,2,False
10131,,9.84,12.1369,39.885202,-104.88339,2,False
10147,,9.66,12.0876,40.33371,-74.58512,2,False
10134,,7.44,12.0767,32.80225,-117.02431,2,False
11705,,6.0,12.0767,42.457201,-71.37478,2,False
10063,,6.902,12.0739,37.295092,-121.89649,2,False
10068,,3.675,12.0739,37.296355,-121.917905,2,False
10070,,4.41,12.0739,38.22309,-86.86155,2,False
10095,,4.8,12.0739,47.55318,-122.37593,2,False
10135,,4.41,12.0739,29.87131,-81.29464,2,False
10149,,7.2,12.0739,34.469945,-114.27861,2,False
10013,,4.56,12.0712,37.231378,-121.874925,2,False
10138,,4.14,12.063,38.901811,-76.99097,2,False
10150,,9.0,12.052,37.859936,-121.983338,2,False
10139,,2.5,12.041,37.811676,-121.98647,2,False
10117,,4.8,12.0219,37.856926,-122.25084,2,False
10143,,7.75,12.0191,42.20532,-71.162375,2,False
10025,,17.625,11.9945,43.160857,-78.68756,2,False
10001,,3.36,11.9479,39.483937,-76.301594,2,False
10156,,3.502,11.9123,32.788736,-116.90487,2,False
10161,,7.02,11.8986,41.56033,-72.33795,2,False
10169,,19.5,11.8739,39.147128,-92.484962,2,False
10166,,5.0,11.8082,41.492808,-81.687576,2,False
10171,,5.75,11.7808,42.419496,-71.15635,2,False
10188,,7.65,11.726,40.55051,-111.877728,2,False
11479,,5.6,11.6767,42.412094,-72.10443,2,False
10181,,17.75,11.663,40.136203,-76.893352,2,False
10185,,7.0,11.6383,34.208837,-118.87348,2,False
10192,,4.08,11.6054,37.269086,-121.912547,2,False
10162,,16.33,11.6,34.976173,-99.3952,2,False
11882,,7.35,11.6,30.216108,-97.85828,2,False
10196,,4.42,11.5671,37.228594,-121.98396,2,False
10074,,5.28,11.5643,42.942551,-71.51993,2,False
10197,,4.56,11.5643,26.179495,-80.27183,2,False
10158,,5.88,11.5452,34.481172,-118.42821,2,False
10201,,5.808,11.5342,42.964915,-71.588423,2,False
10204,,9.45,11.3863,43.645603,-89.78104,2,False
10178,,8.415,11.3808,42.287355,-75.972045,2,False
10205,,8.82,11.3753,38.464212,-105.27973,2,False
10211,,2.0,11.3726,38.833563,-76.877743,2,False
10208,,8.1,11.3671,37.280241,-122.037668,2,False
11967,,14.3,11.3534,42.457201,-71.37478,2,False
10213,,3.5,11.3369,32.79869,-117.202986,2,False
10206,,13.78,11.3342,42.502113,-71.365424,2,False
10214,,6.24,11.3287,43.002612,-77.86458,2,False
10215,,5.1,11.3178,37.346241,-121.9846,2,False
10132,,4.928,11.3095,40.759156,-82.51118,2,False
11744,,5.208,11.3041,40.759156,-82.51118,2,False
10216,,7.8,11.3013,43.015756,-70.90192,2,False
11652,,7.14,11.263,33.097841,-117.26744,2,False
11879,,4.16,11.2493,42.457201,-71.37478,2,False
10223,,5.36,11.1643,37.107004,-121.648935,2,False
10152,,6.3,11.1589,41.662281,-73.0482,2,False
10218,,5.075,11.1561,39.400296,-76.44639,2,False
10228,,8.25,11.1506,40.529278,-105.372014,2,False
10033,,4.41,11.1315,33.213309,-117.21474,2,False
10221,,3.12,11.1287,37.66993,-122.049627,2,False
10038,,2.544,11.1123,44.985792,-92.96532,2,False
10042,,10.81,11.0876,40.411102,-74.23767,2,False
10225,,8.25,11.0767,38.628371,-121.32702,2,False
10077,,5.76,11.0739,39.012404,-94.21156,2,False
10157,,3.825,11.0739,35.106396,-106.57927,2,False
10159,,7.65,11.0739,39.504706,-76.57112,2,False
10194,,3.055,11.0739,38.590652,-90.35168,2,False
10049,,6.58,11.0602,40.385051,-120.597199,2,False
10227,,6.76,11.0602,33.03505,-96.80492,2,False
10224,,4.5,11.052,42.45384,-73.254,2,False
10236,,8.97,11.0301,38.89119,-78.388429,2,False
10237,,4.35,11.0301,33.097086,-117.1827,2,False
10059,,6.9,11.0054,42.501345,-71.07132,2,False
11857,,7.98,10.9835,33.022384,-117.10694,2,False
11587,,8.215,10.9698,42.457201,-71.37478,2,False
11529,,5.0,10.9452,35.295331,-106.645081,2,False
11971,,4.5,10.8958,42.457201,-71.37478,2,False
11501,,3.7,10.8904,42.457201,-71.37478,2,False
10229,,9.635,10.8849,38.840074,-106.148571,2,False
10243,,4.8,10.8849,43.737831,-71.604406,2,False
11998,,7.15,10.8794,39.738752,-104.408349,2,False
10254,,4.2,10.8657,32.744579,-117.132568,2,False
10180,,10.0,10.8383,27.979114,-82.78166,2,False
10265,,8.1,10.8164,43.016012,-74.04702,2,False
10255,,6.1,10.8082,30.09353,-95.422118,2,False
10246,,9.0,10.8,30.309255,-97.899819,2,False
12062,,7.25,10.778,42.457201,-71.37478,2,False
11987,,8.215,10.7753,42.457201,-71.37478,2,False
10258,,7.56,10.7643,33.794028,-118.07218,2,False
10072,,6.12,10.7616,40.515645,-74.85319,2,False
11576,,9.0,10.7369,42.457201,-71.37478,2,False
11596,,4.998,10.7095,36.04347,-85.094842,2,False
11780,,3.5,10.6958,42.412094,-72.10443,2,False
10080,,12.9,10.6602,41.664582,-87.84378,2,False
10277,,10.8,10.652,40.765378,-73.45781,2,False
10287,,3.2,10.641,37.72374,-121.447131,2,False
11608,,8.1,10.6356,34.033564,-117.03776,2,False
10281,,5.13,10.6219,32.961014,-117.1251,2,False
10279,,8.928,10.6054,33.261748,-117.01027,2,False
10289,,8.1,10.6027,42.45644,-83.66673,2,False
10088,,2.5,10.5972,33.081421,-96.88957,2,False
10286,,6.5,10.5945,37.270543,-122.02305,2,False
10093,,6.3,10.5506,44.444429,-73.018273,2,False
10268,,3.3,10.5424,28.295714,-82.61782,2,False
10304,,3.9,10.5369,32.960438,-117.166814,2,False
10307,,6.1,10.5178,40.728901,-74.26821,2,False
10292,,4.6,10.515,37.350091,-122.03602,2,False
12023,,3.91,10.5123,34.122658,-118.11296,2,False
10297,,6.21,10.5095,42.482755,-71.313578,2,False
11707,,6.37,10.5095,37.527237,-121.9679,2,False
11510,,10.5,10.4876,33.024721,-96.74038,2,False
10315,,9.6,10.4767,32.866313,-116.965089,2,False
10301,,4.0,10.463,37.720931,-122.44241,2,False
10316,,4.8,10.463,33.115157,-117.298608,2,False
10305,,9.75,10.441,37.658898,-121.87149,2,False
10306,,7.56,10.4383,30.284511,-81.47043,2,False
10319,,10.07,10.4273,38.808884,-90.85922,2,False
10309,,8.25,10.4246,37.527237,-121.9679,2,False
10104,,6.11,10.4219,38.684324,-121.06879,2,False
10322,,6.1,10.4219,38.524066,-90.2895,2,False
10187,,14.28,10.4191,45.522248,-109.48875,2,False
10311,,6.25,10.4109,39.177383,-120.14607,2,False
10320,,6.0,10.4109,30.427599,-90.41728,2,False
12233,,5.0,10.4082,38.716874,-121.3698,2,False
10325,,5.565,10.3972,35.474913,-120.676,2,False
10098,,1.806,10.3643,34.232003,-118.24753,2,False
11535,,7.44,10.3643,35.045886,-85.72513,2,False
11571,,8.37,10.3643,35.045886,-85.72513,2,False
10005,,15.665,10.3534,33.198982,-97.150581,2,False
10308,,7.92,10.3506,32.946776,-117.21918,2,False
10318,,7.0,10.3479,30.608471,-90.92758,2,False
10116,,2.4,10.315,35.078246,-106.61747,2,False
10300,,9.99,10.3095,47.71828,-122.19702,2,False
10332,,15.08,10.3068,44.509744,-72.995228,2,False
10336,,6.0,10.2904,34.292898,-118.87134,2,False
10337,,5.0,10.2767,31.766355,-106.29828,2,False
12325,,11.22,10.2547,38.951924,-76.946751,2,False
10326,,6.325,10.2493,41.086894,-111.9271,2,False
10331,,6.12,10.2246,38.913961,-77.07179,2,False
10346,,6.0,10.2054,37.932123,-121.70381,2,False
10111,,7.68,10.1808,33.639994,-117.60351,2,False
10334,,10.2,10.178,42.646942,-71.1513,2,False
10340,,6.75,10.1671,42.092006,-71.54474,2,False
10284,,4.2,10.1589,39.539556,-105.009739,2,False
10175,,5.0,10.1561,37.436451,-121.89438,2,False
10351,,5.46,10.1561,36.9707,-121.99086,2,False
10148,,9.31,10.1342,44.484038,-73.22126,2,False
12055,,3.12,10.1342,45.49106,-122.80359,2,False
10347,,7.2,10.1041,41.725195,-72.83032,2,False
10356,,14.0,10.0876,33.035844,-116.8513,2,False
10210,,6.65,10.0821,30.329704,-97.8751,2,False
10153,,4.08,10.0739,33.868412,-118.366253,2,False
10245,,11.985,10.0739,38.753679,-90.535768,2,False
10250,,4.73,10.0739,33.831636,-116.462459,2,False
10261,,11.7,10.0739,37.804064,-121.91202,2,False
10184,,10.5,10.0684,32.814636,-116.904508,2,False
10352,,7.15,10.0657,33.900378,-117.857657,2,False
12040,,3.84,10.0465,32.961014,-117.1251,2,False
10154,,6.24,10.0328,40.682393,-122.36824,2,False
11678,,4.25,10.0054,32.961014,-117.1251,2,False
10349,,10.464,9.9945,33.628273,-117.631338,2,False
10361,,5.88,9.9945,37.41159,-119.849546,2,False
11827,,7.56,9.9863,37.228594,-121.98396,2,False
10366,,5.98,9.9534,37.39324,-121.96066,2,False
10371,,3.9,9.9397,37.299474,-121.75446,2,False
10365,,8.71,9.9315,33.615462,-117.64093,2,False
11835,,12.48,9.9315,42.457201,-71.37478,2,False
11991,,5.886,9.9287,37.353741,-122.08717,2,False
10375,,6.21,9.9232,42.496679,-71.27504,2,False
12012,,3.3,9.8958,37.69768,-122.02503,2,False
10269,,4.55,9.8931,37.533538,-122.24602,2,False
11750,,8.28,9.8931,38.484747,-121.4024,2,False
10030,,4.6,9.8904,42.583436,-71.0982,2,False
10031,,4.8,9.8849,39.440152,-84.22175,2,False
10312,,6.21,9.8767,42.48281,-71.313578,2,False
10378,,7.5,9.8767,40.6949,-73.65394,2,False
11590,,4.48,9.8684,32.961014,-117.1251,2,False
10360,,7.32,9.8602,33.096906,-117.225168,2,False
10384,,10.725,9.841,34.231754,-119.05258,2,False
10125,,9.88,9.8383,40.719249,-73.35829,2,False
10379,,6.12,9.8356,43.026284,-78.69304,2,False
10388,,8.82,9.8301,42.196065,-71.43797,2,False
10291,,4.2,9.7945,32.899996,-117.20722,2,False
11990,,7.83,9.7863,42.646942,-71.1513,2,False
10380,,9.945,9.7808,40.38584,-111.73333,2,False
11537,,5.25,9.7726,32.918035,-117.08438,2,False
12274,,8.25,9.7698,37.43,-122.11,2,False
10394,,7.0,9.7589,34.447959,-117.19222,2,False
12095,,9.68,9.7506,32.961014,-117.1251,2,False
10376,,5.775,9.7424,32.945021,-117.13526,2,False
12060,,14.405,9.7424,33.053092,-117.26855,2,False
10417,,8.829,9.7315,42.322524,-71.485813,2,False
10396,,7.54,9.7232,45.108581,-93.33988,2,False
10412,,5.232,9.7178,33.594521,-117.254781,2,False
10369,,8.4,9.7068,43.080399,-73.77038,2,False
11788,,7.98,9.7068,44.641974,-73.13469,2,False
10403,,5.1,9.7041,39.734686,-105.01966,2,False
12017,,4.42,9.7041,32.914346,-117.14116,2,False
10381,,6.16,9.6986,33.828366,-118.18235,2,False
10405,,5.2,9.6986,41.499202,-81.55434,2,False
10393,,11.7,9.6904,45.085643,-93.1353,2,False
10395,,6.76,9.6876,40.637152,-74.37493,2,False
10398,,11.7,9.6821,30.340111,-97.98869,2,False
10348,,5.985,9.6767,38.941594,-76.96369,2,False
10151,,10.92,9.6684,39.9656,-76.17781,2,False
10168,,8.225,9.6547,43.392935,-70.750133,2,False
10418,,2.1,9.6438,33.102384,-117.185253,2,False
10399,,5.2,9.6301,44.970887,-92.5478,2,False
10431,,3.64,9.6246,33.181543,-117.11136,2,False
10430,,5.88,9.6164,33.888062,-117.80407,2,False
11802,,10.2,9.589,42.457201,-71.37478,2,False
11908,,7.8,9.5835,33.261748,-117.01027,2,False
10383,,4.59,9.5698,37.380207,-122.08787,2,False
12064,,8.4,9.5698,32.973645,-117.03701,2,False
10439,,8.25,9.5616,37.43,-122.11,2,False
11892,,0.95,9.5397,37.720931,-122.44241,2,False
10391,,7.02,9.5315,44.752662,-92.77958,2,False
10443,,5.4,9.5287,42.644953,-70.963074,2,False
10484,,4.16,9.4739,37.516687,-122.29026,2,False
10434,,5.185,9.4684,33.071419,-117.248968,2,False
10444,,12.22,9.4684,40.357034,-76.13741,2,False
10450,,8.84,9.4602,34.211171,-118.19776,2,False
10400,,9.1,9.4575,38.999759,-77.10185,2,False
10448,,7.28,9.4547,36.687543,-76.22905,2,False
10372,,2.8,9.441,39.020359,-77.0115,2,False
10440,,2.805,9.441,37.70719,-122.06153,2,False
11921,,3.5,9.441,33.122029,-117.15605,2,False
10456,,6.5,9.4273,33.568617,-117.25264,2,False
10457,,4.76,9.4191,39.508177,-76.18066,2,False
10458,,5.4,9.4136,40.604252,-74.44612,2,False
11810,,3.675,9.3972,32.953656,-117.036345,2,False
10212,,5.0,9.3917,34.328499,-118.426913,2,False
10460,,7.015,9.3917,43.289787,-77.79548,2,False
10462,,3.12,9.389,41.886364,-83.69556,2,False
10468,,13.44,9.378,39.001104,-121.09171,2,False
11468,,4.76,9.3643,33.053092,-117.26855,2,False
10461,,5.88,9.3616,35.779715,-78.904864,2,False
10464,,6.24,9.3589,45.011215,-93.15536,2,False
10474,,5.5,9.3452,32.761801,-117.01273,2,False
10467,,5.04,9.3397,37.75735,-121.95213,2,False
11614,,3.75,9.3397,38.95211,-77.02097,2,False
11988,,4.24,9.3342,42.457201,-71.37478,2,False
10264,,1.5,9.3232,47.68382,-122.30122,2,False
10478,,5.98,9.3178,43.214613,-77.70626,2,False
10479,,7.14,9.3178,38.797424,-77.39237,2,False
11947,,5.98,9.3178,43.214613,-77.70626,2,False
10472,,6.5,9.3123,33.958363,-118.11987,2,False
10480,,3.9,9.3123,37.378341,-122.02398,2,False
10482,,6.84,9.3123,37.016943,-121.56581,2,False
12134,,7.54,9.3123,37.137595,-121.66211,2,False
11837,,5.04,9.3068,37.932123,-121.70381,2,False
10483,,9.12,9.3041,34.865445,-82.02018,2,False
10476,,4.95,9.3013,33.705099,-117.721456,2,False
10477,,9.0,9.2958,37.444879,-122.26253,2,False
11944,,5.2,9.2958,30.216108,-97.85828,2,False
11729,,11.96,9.2767,45.081266,-93.01146,2,False
10387,,8.4,9.2739,42.836245,-71.16246,2,False
10485,,5.7,9.2739,33.158472,-117.197431,2,False
11718,,5.0,9.2712,47.68382,-122.30122,2,False
10487,,5.4,9.2657,33.758216,-118.36425,2,False
10491,,7.28,9.2602,41.439784,-90.428,2,False
10492,,7.93,9.2547,32.819123,-116.997464,2,False
10494,,8.32,9.2547,38.768829,-121.33629,2,False
11812,,6.1,9.252,32.856447,-117.21143,2,False
10219,,1.44,9.2465,37.717273,-122.096292,2,False
10502,,5.0,9.2301,35.146144,-106.70851,2,False
10503,,15.08,9.2246,41.31353,-72.69791,2,False
10505,,10.83,9.2246,37.37714,-122.12412,2,False
12280,,6.48,9.2191,42.452895,-71.21619,2,False
10499,,8.32,9.2109,42.800191,-83.5968,2,False
10507,,11.4,9.2109,42.831686,-71.66743,2,False
11800,,7.2,9.2027,29.643479,-98.429473,2,False
11763,,12.96,9.1972,42.452895,-71.21619,2,False
10510,,8.58,9.1917,35.635844,-82.55992,2,False
11611,,6.84,9.189,32.961014,-117.1251,2,False
11549,,3.9,9.1835,42.048879,-87.7175,2,False
10486,,8.68,9.178,28.144103,-80.718203,2,False
11694,,12.075,9.178,37.270543,-122.02305,2,False
10435,,6.16,9.1616,37.562218,-121.99433,2,False
10498,,7.02,9.1616,44.921982,-92.94234,2,False
10272,,4.2,9.1589,32.856447,-117.21143,2,False
10357,,7.2,9.1589,32.8595,-116.963952,2,False
10509,,8.16,9.1589,42.28693,-75.972054,2,False
10451,,8.71,9.1561,40.99904,-74.03291,2,False
10516,,16.575,9.1534,42.328284,-75.95021,2,False
10517,,7.98,9.1452,32.975992,-117.160806,2,False
10519,,7.28,9.1452,37.316983,-121.93555,2,False
10521,,3.27,9.1452,42.790736,-70.97286,2,False
10520,,4.16,9.1397,35.956676,-79.01806,2,False
11632,,12.19,9.1397,33.50835,-112.40523,2,False
11466,,7.56,9.126,37.932123,-121.70381,2,False
10232,,8.19,9.1232,33.600354,-117.864766,2,False
10411,,7.8,9.1232,33.562698,-117.69941,2,False
10466,,5.7,9.1178,32.7991,-116.97334,2,False
10527,,3.9,9.1178,33.998751,-117.44695,2,False
10528,,11.0,9.1095,42.683841,-71.11171,2,False
10373,,3.92,9.1041,42.169751,-122.61772,2,False
10513,,8.84,9.0986,41.836665,-72.56076,2,False
10526,,10.72,9.0986,42.439295,-71.23553,2,False
10535,,6.84,9.0986,42.488735,-83.13752,2,False
10495,,7.8,9.0958,44.999165,-93.29823,2,False
10538,,10.14,9.0931,45.53704,-122.59979,2,False
10536,,10.54,9.0904,32.741256,-117.0951,2,False
10234,,8.0,9.0876,33.759409,-116.32317,2,False
10524,,10.08,9.0876,34.276154,-118.54581,2,False
11561,,6.93,9.0849,34.176238,-118.61992,2,False
12141,,10.175,9.0794,38.999759,-77.10185,2,False
10363,,9.1,9.0767,42.880837,-71.18252,2,False
10518,,6.71,9.0767,43.153969,-93.20037,2,False
10037,,6.58,9.0739,39.785785,-75.17761,2,False
10078,,6.48,9.0739,38.891257,-76.989082,2,False
10140,,6.72,9.0739,34.063769,-118.380435,2,False
10173,,9.4,9.0739,43.025217,-78.70394,2,False
10233,,6.5,9.0739,33.844716,-117.589099,2,False
10541,,8.32,9.0712,36.015992,-78.95911,2,False
12001,,4.32,9.0684,37.213624,-121.85671,2,False
10463,,5.355,9.063,32.998855,-117.07054,2,False
10238,,9.54,9.0602,35.60089,-82.93536,2,False
11735,,8.96,9.0602,37.562218,-121.99433,2,False
10546,,10.08,9.052,33.831866,-112.06339,2,False
11881,,5.5,9.052,37.257643,-121.89072,2,False
10239,,8.5,9.0493,34.261221,-118.31887,2,False
11692,,4.41,9.0438,32.788736,-116.90487,2,False
10270,,4.05,9.0356,35.101727,-106.67238,2,False
10551,,9.76,9.0356,40.451105,-74.43938,2,False
12091,,6.5,9.0356,42.457201,-71.37478,2,False
10598,,10.08,9.0328,36.443322,-93.77474,2,False
11647,,3.84,9.0328,33.179587,-117.24461,2,False
10553,,4.32,9.0301,37.515014,-121.92916,2,False
10552,,18.0,9.0273,32.662563,-116.95413,2,False
11476,,6.48,9.0273,37.213624,-121.85671,2,False
10557,,4.76,9.0246,33.841114,-117.750485,2,False
10222,,7.8,9.0219,32.992547,-117.09434,2,False
10512,,7.28,9.0219,37.284042,-121.82664,2,False
10449,,6.3,9.0164,32.873849,-116.90477,2,False
11779,,5.88,9.0164,32.973645,-117.03701,2,False
10559,,8.25,9.0136,41.053182,-73.77672,2,False
10554,,7.29,9.0027,32.761791,-117.146557,2,False
10563,,4.675,8.9917,41.314075,-111.96366,2,False
10564,,11.34,8.989,47.751434,-117.06934,2,False
11894,,7.0,8.989,39.299405,-120.95144,2,False
10566,,10.4,8.9835,40.689007,-112.6698,2,False
11943,,5.355,8.9835,37.702063,-122.07934,2,False
10567,,5.98,8.9808,38.676103,-121.37656,2,False
10569,,7.425,8.9808,42.181875,-87.80956,2,False
11844,,4.125,8.9726,33.097841,-117.26744,2,False
10572,,9.0,8.9698,42.985007,-77.346,2,False
10099,,4.14,8.9643,42.196144,-71.76272,2,False
10571,,7.875,8.9643,39.0509,-77.12261,2,False
10578,,3.51,8.9589,38.098221,-122.59809,2,False
10574,,12.88,8.9534,33.462927,-117.62414,2,False
10575,,4.0,8.9506,33.997139,-117.044939,2,False
10504,,5.52,8.9452,37.843726,-122.24369,2,False
10577,,4.2,8.9424,35.642771,-117.681862,2,False
10556,,10.005,8.9369,42.226889,-71.22929,2,False
12053,,6.615,8.9369,32.761801,-117.01273,2,False
10580,,8.64,8.9315,36.813456,-119.70826,2,False
10508,,12.88,8.9287,42.890974,-71.203827,2,False
10582,,3.975,8.9232,39.53636,-119.8373,2,False
10583,,5.04,8.9232,33.650813,-117.81771,2,False
11597,,4.86,8.9095,37.137595,-121.66211,2,False
10622,,2.5,8.9068,33.195354,-117.28232,2,False
10586,,5.5,8.9041,32.93302,-117.066871,2,False
10591,,3.78,8.8958,37.743381,-122.48578,2,False
10511,,6.71,8.8931,33.792687,-117.79975,2,False
10590,,11.025,8.8931,40.240558,-74.69588,2,False
11876,,2.97,8.8931,37.436451,-121.89438,2,False
10592,,11.2,8.8904,43.899664,-91.22963,2,False
10594,,8.37,8.8904,42.176401,-72.32646,2,False
11473,,6.6,8.8849,37.451688,-122.18385,2,False
12039,,5.2,8.8849,33.828366,-118.18235,2,False
11625,,7.28,8.8821,41.378051,-81.77945,2,False
10589,,6.16,8.8794,35.200467,-119.17399,2,False
10595,,14.0,8.8767,40.636286,-73.6374,2,False
11752,,3.64,8.8767,33.828366,-118.18235,2,False
12016,,12.69,8.8767,36.831723,-119.83198,2,False
10599,,8.99,8.8657,34.029112,-118.3183,2,False
10619,,5.98,8.8602,40.60787,-74.08991,2,False
11771,,6.7,8.8575,33.097841,-117.26744,2,False
11864,,3.6,8.8575,37.714179,-121.92567,2,False
10604,,10.71,8.8547,33.648871,-117.764637,2,False
10606,,20.0,8.8547,44.539036,-92.53637,2,False
10555,,10.26,8.852,39.688278,-105.14558,2,False
10601,,3.92,8.852,38.170372,-122.25605,2,False
10607,,8.265,8.852,42.610306,-74.15692,2,False
10611,,9.9,8.8465,44.989065,-93.10666,2,False
10597,,6.21,8.8438,38.664824,-121.52061,2,False
10617,,7.685,8.8383,39.897287,-77.52006,2,False
10581,,3.64,8.8301,40.744646,-111.81123,2,False
10621,,10.92,8.8246,40.311246,-75.594,2,False
11848,,4.96,8.8246,33.714889,-117.7633,2,False
10651,,3.2,8.8219,43.895264,-85.88157,2,False
10631,,4.24,8.8136,44.52789,-123.2791,2,False
11913,,5.355,8.8109,33.022384,-117.10694,2,False
10260,,7.2,8.8082,42.640813,-73.7856,2,False
10632,,15.66,8.8054,41.01002,-73.75158,2,False
11976,,6.71,8.8027,32.946776,-117.21918,2,False
11487,,3.696,8.8,34.606146,-118.18495,2,False
12294,,5.355,8.8,33.022384,-117.10694,2,False
10637,,11.772,8.7972,34.277648,-118.50047,2,False
10633,,5.025,8.7945,44.693805,-73.04099,2,False
10639,,5.2,8.789,37.048385,-120.86983,2,False
11644,,11.385,8.789,32.973645,-117.03701,2,False
10576,,8.64,8.7808,38.245844,-122.101917,2,False
10614,,2.65,8.7643,35.847788,-78.70161,2,False
10641,,5.3,8.7643,42.880481,-71.38205,2,False
10643,,7.685,8.7643,39.395387,-119.72735,2,False
10644,,3.38,8.7643,33.485978,-116.82004,2,False
11701,,7.56,8.7643,37.714179,-121.92567,2,False
10645,,4.2,8.7616,38.509569,-122.3539,2,False
10634,,4.24,8.7589,38.375397,-81.62367,2,False
12052,,10.54,8.7561,32.741256,-117.0951,2,False
10647,,6.095,8.7506,41.480881,-81.80036,2,False
11633,,11.97,8.7506,38.460594,-122.6422,2,False
10275,,10.0,8.7479,34.250459,-119.05317,2,False
10650,,10.8,8.7479,32.294508,-110.884167,2,False
10649,,7.56,8.7452,41.011324,-73.84152,2,False
10654,,6.3,8.7424,40.278086,-111.71067,2,False
10653,,8.505,8.7397,42.049312,-72.551802,2,False
10602,,2.52,8.726,33.975267,-117.72305,2,False
10655,,8.48,8.7232,33.495343,-117.07657,2,False
10659,,14.04,8.7232,42.240033,-70.999878,2,False
11620,,5.44,8.7232,32.662563,-116.95413,2,False
12161,,7.56,8.7232,42.595491,-71.3544,2,False
10652,,4.8,8.7178,33.997179,-118.40145,2,False
10626,,8.265,8.715,42.595491,-71.3544,2,False
10669,,13.08,8.7095,32.85788,-116.948114,2,False
10658,,5.13,8.7068,37.972423,-122.51484,2,False
11714,,7.56,8.7041,37.714179,-121.92567,2,False
10660,,10.865,8.7013,39.200035,-119.72732,2,False
11823,,2.5,8.7013,33.035844,-116.8513,2,False
10661,,5.67,8.6904,37.781875,-122.290602,2,False
10662,,9.88,8.6904,35.989303,-115.257648,2,False
11756,,8.55,8.6904,40.278086,-111.71067,2,False
11841,,11.76,8.6904,41.011324,-73.84152,2,False
11482,,6.095,8.6849,43.151183,-88.11034,2,False
10666,,6.71,8.6794,37.269343,-121.84939,2,False
10636,,8.32,8.6712,36.359226,-119.318343,2,False
11758,,6.3,8.6657,37.551586,-122.32773,2,False
12085,,3.64,8.6657,34.265003,-118.77177,2,False
10671,,4.48,8.663,38.438161,-122.67419,2,False
10673,,6.615,8.663,33.571185,-117.15362,2,False
10674,,3.18,8.663,32.721632,-97.14698,2,False
11749,,6.365,8.663,32.961014,-117.1251,2,False
10675,,6.72,8.6602,37.674431,-122.08883,2,False
12459,,4.24,8.6602,33.903803,-117.60221,2,False
10640,,10.85,8.6575,40.923748,-73.99879,2,False
10668,,6.72,8.6547,35.529895,-82.70449,2,False
10677,,17.755,8.6547,42.416247,-71.00525,2,False
11751,,4.41,8.6438,32.946776,-117.21918,2,False
10681,,11.66,8.6328,40.41836,-86.81847,2,False
10667,,9.92,8.6301,39.19298,-121.003851,2,False
10676,,13.92,8.6301,33.383801,-117.238359,2,False
11840,,6.44,8.6301,37.674431,-122.08883,2,False
10680,,8.96,8.6273,33.90213,-118.00966,2,False
11582,,6.24,8.6273,38.590652,-90.35168,2,False
10664,,8.4,8.6246,34.253866,-118.752458,2,False
10684,,11.4,8.6219,37.676995,-120.938429,2,False
10665,,3.42,8.6109,37.754403,-122.45325,2,False
10683,,3.6,8.6109,32.803799,-117.13595,2,False
10686,,11.118,8.6109,30.450122,-97.623,2,False
11821,,4.96,8.6082,32.856447,-117.21143,2,False
10690,,11.52,8.5972,38.922478,-77.2566,2,False
11681,,5.6,8.5972,43.899664,-91.22963,2,False
10692,,5.67,8.5945,34.256952,-118.28453,2,False
11949,,4.505,8.5917,33.022384,-117.10694,2,False
12083,,5.355,8.5917,33.022384,-117.10694,2,False
10588,,6.75,8.5808,33.958464,-118.30998,2,False
11552,,7.15,8.578,33.240926,-117.29851,2,False
10256,,8.32,8.5698,39.745098,-122.184269,2,False
10682,,1.855,8.5698,41.56105,-70.61968,2,False
10694,,8.04,8.5671,34.164255,-118.54472,2,False
10129,,4.32,8.5616,43.006309,-73.8604,2,False
10693,,9.6,8.5589,37.892476,-122.47541,2,False
10696,,14.31,8.5589,38.299904,-90.30833,2,False
10713,,14.04,8.5589,29.627737,-95.62444,2,False
11745,,5.76,8.5287,37.515014,-121.92916,2,False
10699,,8.48,8.5178,38.996842,-77.13519,2,False
12015,,10.2,8.5178,33.213309,-117.21474,2,False
10414,,7.65,8.5095,35.834919,-120.98093,2,False
10710,,5.83,8.4931,41.2863,-82.21935,2,False
10709,,11.66,8.4821,41.894676,-70.61999,2,False
10716,,6.5,8.4794,38.859227,-121.17565,2,False
10717,,8.48,8.4684,40.449171,-74.84979,2,False
11536,,8.64,8.4602,33.022384,-117.10694,2,False
12090,,5.67,8.4547,40.090453,-105.262978,2,False
10657,,14.64,8.4383,46.175479,-119.262823,2,False
11739,,7.95,8.4246,45.054551,-92.82581,2,False
10724,,5.175,8.4136,37.499175,-122.26655,2,False
12014,,4.16,8.4027,37.307742,-121.99976,2,False
10730,,9.6,8.4,42.436875,-71.77333,2,False
10731,,7.02,8.4,38.958377,-77.11425,2,False
10732,,3.42,8.4,40.018814,-83.00894,2,False
10735,,4.2,8.3945,40.693538,-73.73574,2,False
10738,,7.65,8.3863,39.379382,-75.03923,2,False
10728,,11.34,8.3808,38.954847,-121.180598,2,False
10327,,10.0,8.378,28.543025,-81.184531,2,False
10453,,7.56,8.378,39.278295,-84.33049,2,False
11822,,7.82,8.3698,39.647598,-74.95927,2,False
10742,,9.1,8.3589,36.857765,-119.707831,2,False
10330,,5.565,8.3561,42.410783,-71.142445,2,False
10744,,9.45,8.3534,41.116162,-74.07556,2,False
10302,,5.025,8.3013,37.451688,-122.18385,2,False
10754,,19.44,8.2958,33.034586,-80.18599,2,False
10753,,7.68,8.2904,32.937354,-117.125658,2,False
10062,,1.0,8.2739,42.561226,-73.92528,2,False
10733,,10.08,8.2547,33.542806,-112.084484,2,False
10757,,5.5,8.252,41.99215,-88.30609,2,False
10758,,7.84,8.2493,42.278247,-71.23388,2,False
10759,,3.3,8.2493,41.475297,-81.84575,2,False
11562,,4.7,8.2219,37.256743,-121.92312,2,False
11618,,3.5,8.1945,33.751418,-117.99392,2,False
10283,,3.0,8.1917,38.95211,-77.02097,2,False
10703,,5.76,8.1917,33.764691,-117.762319,2,False
10767,,4.8,8.1917,37.554335,-122.27032,2,False
11682,,4.95,8.1917,37.213624,-121.85671,2,False
12019,,4.16,8.1917,32.914346,-117.14116,2,False
10096,,5.5,8.1863,40.49762,-105.053886,2,False
12308,,4.95,8.178,32.719601,-117.16246,2,False
10770,,3.36,8.1753,36.785816,-108.14505,2,False
10630,,9.625,8.1671,38.977362,-77.34658,2,False
10100,,6.5,8.1589,33.841014,-118.00969,2,False
10259,,13.5,8.1589,39.381295,-77.15867,2,False
10338,,6.405,8.1589,33.122029,-117.15605,2,False
11543,,4.4,8.1561,37.317909,-122.04779,2,False
10775,,7.0,8.1534,34.018361,-117.85438,2,False
11696,,7.975,8.1506,37.270543,-122.02305,2,False
10773,,8.7,8.1452,40.198956,-80.54683,2,False
10656,,5.32,8.1424,44.838001,-122.8593,2,False
10780,,5.415,8.1315,39.178737,-77.19564,2,False
10720,,6.0,8.1287,33.659639,-117.73948,2,False
10756,,1.855,8.1287,40.460547,-79.951682,2,False
10774,,5.49,8.1287,33.673468,-118.00243,2,False
10779,,4.48,8.1287,33.570763,-117.63463,2,False
10506,,4.675,8.1205,36.014586,-78.907996,2,False
10534,,3.06,8.1205,32.854572,-117.204564,2,False
10781,,13.86,8.1095,29.674336,-95.48123,2,False
10782,,4.48,8.1095,33.941363,-117.99477,2,False
10806,,10.35,8.0931,42.451945,-71.14276,2,False
12032,,2.24,8.0904,34.001159,-84.01487,2,False
10791,,14.4,8.0849,44.499082,-68.85667,2,False
10793,,7.41,8.0767,42.530288,-114.47509,2,False
10794,,6.9,8.0767,28.656375,-81.21026,2,False
10064,,4.32,8.0739,42.659936,-70.61727,2,False
10109,,5.88,8.0739,37.057575,-122.01507,2,False
10172,,4.94,8.0739,35.022523,-80.733357,2,False
10293,,3.84,8.0739,35.797882,-78.79702,2,False
10358,,2.45,8.0739,45.579597,-122.71137,2,False
11797,,7.04,8.0739,37.37714,-122.12412,2,False
12067,,5.4,8.0712,41.499202,-81.55434,2,False
10764,,6.7,8.063,26.110631,-80.27469,2,False
12333,,3.965,8.0547,34.209407,-118.57735,2,False
10796,,9.3,8.052,42.558576,-71.17031,2,False
10112,,6.0,8.0493,37.198875,-121.84287,2,False
10800,,5.2,8.0356,35.311112,-82.60288,2,False
10803,,2.75,8.0273,41.439363,-120.58771,2,False
11680,,7.8,8.0273,32.961014,-117.1251,2,False
10804,,5.67,8.0219,34.153628,-118.43222,2,False
10802,,12.6,8.0191,41.667689,-70.4168,2,False
11506,,6.9,8.0191,33.708618,-117.95629,2,False
11969,,6.9,8.0164,33.026742,-117.27816,2,False
10811,,7.56,7.9917,40.439297,-111.793002,2,False
11515,,5.44,7.9863,33.181543,-117.11136,2,False
12100,,2.7,7.9808,37.244426,-121.83246,2,False
10814,,11.07,7.978,40.990032,-74.31023,2,False
10815,,7.975,7.9753,39.535285,-87.35222,2,False
10121,,4.25,7.9643,42.862193,-73.96317,2,False
11875,,3.575,7.9506,37.515014,-121.92916,2,False
10120,,4.8,7.926,30.811453,-93.116972,2,False
11670,,6.72,7.926,37.295092,-121.89649,2,False
10821,,3.36,7.9178,37.289642,-121.98311,2,False
10823,,13.75,7.9123,40.042957,-75.53221,2,False
10822,,5.415,7.9095,43.666218,-116.292434,2,False
10824,,7.425,7.9095,34.142119,-79.74311,2,False
12061,,2.64,7.9095,33.975263,-118.35558,2,False
10826,,10.2,7.9041,32.249551,-110.8878,2,False
12028,,5.12,7.8986,33.581533,-117.72474,2,False
10385,,6.25,7.8767,34.265003,-118.77177,2,False
11776,,7.92,7.8739,33.762117,-117.81828,2,False
12073,,5.2,7.8575,33.878981,-117.89325,2,False
10123,,6.86,7.852,43.127195,-77.72465,2,False
10697,,5.355,7.8383,37.322031,-121.850327,2,False
10689,,10.64,7.8328,28.089786,-81.742042,2,False
10695,,12.48,7.8246,33.873759,-117.439964,2,False
10835,,10.325,7.8246,41.778888,-72.52384,2,False
10146,,10.2,7.8191,26.263669,-81.576891,2,False
10838,,8.25,7.8191,41.144661,-81.61948,2,False
10723,,8.64,7.8164,26.056111,-80.36373,2,False
10839,,9.35,7.8164,33.16156,-97.10376,2,False
10392,,5.98,7.8136,41.393852,-81.70507,2,False
10841,,7.56,7.8136,43.797116,-91.21141,2,False
10402,,2.55,7.8054,36.786948,-119.82747,2,False
12046,,9.9,7.8054,43.797116,-91.21141,2,False
11723,,3.92,7.8027,43.797116,-91.21141,2,False
10837,,15.75,7.7945,41.351421,-72.396647,2,False
11635,,9.9,7.7945,44.989065,-93.10666,2,False
11619,,5.525,7.778,38.95211,-77.02097,2,False
10854,,5.225,7.7726,43.416335,-84.22384,2,False
10819,,9.6,7.7671,26.200486,-98.003295,2,False
10857,,9.075,7.7671,43.829382,-91.33919,2,False
10858,,5.6,7.7671,32.500532,-99.69803,2,False
10862,,9.57,7.7671,40.532354,-105.0535,2,False
10860,,10.2,7.7561,42.297643,-71.53369,2,False
10840,,7.0,7.7506,38.231364,-122.05414,2,False
12202,,6.555,7.7397,33.639994,-117.60351,2,False
10864,,14.175,7.7369,41.698718,-70.590605,2,False
11919,,6.867,7.7287,32.973645,-117.03701,2,False
10869,,9.81,7.7232,38.789165,-121.23825,2,False
10871,,7.56,7.715,41.126476,-112.04427,2,False
10872,,6.27,7.7123,37.326341,-121.9178,2,False
10873,,10.137,7.7123,44.392443,-72.95936,2,False
10874,,9.8,7.7041,42.266805,-83.72297,2,False
10870,,5.51,7.6986,34.002333,-118.03562,2,False
11787,,5.52,7.6931,37.804064,-121.91202,2,False
10865,,6.93,7.6849,33.733916,-117.768108,2,False
12058,,6.27,7.6794,33.792687,-117.79975,2,False
10831,,12.3,7.663,39.109988,-77.829799,2,False
10880,,8.96,7.6575,40.596977,-74.879347,2,False
10879,,7.56,7.6547,37.65778,-121.73011,2,False
10844,,6.3,7.6493,33.40992,-117.598067,2,False
10856,,12.21,7.6465,40.336508,-74.43302,2,False
10882,,3.92,7.6465,42.232807,-83.72671,2,False
10884,,6.4,7.6465,33.73297,-117.76932,2,False
10834,,6.16,7.641,38.605355,-121.28247,2,False
10885,,4.5,7.641,32.872027,-117.247241,2,False
10887,,6.6,7.6246,33.687407,-117.663295,2,False
10419,,7.83,7.6109,42.805194,-71.29878,2,False
10891,,8.25,7.6027,30.518975,-97.71439,2,False
10183,,2.25,7.5589,34.176238,-118.61992,2,False
11767,,10.296,7.5561,37.213624,-121.85671,2,False
10176,,11.04,7.5506,41.890203,-72.360679,2,False
10177,,3.744,7.5479,37.592184,-122.04577,2,False
10895,,9.315,7.5452,33.212203,-96.67522,2,False
10455,,7.8,7.5342,44.978518,-92.71996,2,False
10897,,6.96,7.5342,37.294648,-120.47474,2,False
10911,,9.24,7.5315,42.609887,-71.55722,2,False
10899,,5.94,7.5232,34.185698,-118.38836,2,False
10900,,10.915,7.5205,39.780323,-76.74785,2,False
12078,,5.985,7.4794,37.551586,-122.32773,2,False
10830,,10.24,7.4657,43.086439,-75.76484,2,False
10909,,12.375,7.4547,42.10979,-88.04917,2,False
10905,,9.405,7.452,40.10637,-111.65408,2,False
11691,,11.55,7.4493,38.768829,-121.33629,2,False
10912,,12.76,7.4438,37.917774,-122.30426,2,False
10190,,3.57,7.4383,40.226302,-111.64439,2,False
11469,,11.025,7.4383,33.708843,-116.90948,2,False
10475,,3.965,7.4356,33.005753,-117.082645,2,False
11781,,11.55,7.4328,38.768829,-121.33629,2,False
10825,,3.99,7.4219,33.167183,-117.290716,2,False
10914,,4.96,7.4,36.736946,-119.663985,2,False
10473,,5.3,7.3972,34.44005,-119.75496,2,False
11623,,9.24,7.3972,37.951672,-122.07317,2,False
10917,,7.15,7.3863,34.048411,-118.34015,2,False
11502,,6.1,7.3698,32.946776,-117.21918,2,False
10200,,10.29,7.3506,30.582556,-97.277096,2,False
10919,,8.4,7.3479,37.992124,-121.71328,2,False
10465,,8.06,7.3424,45.081266,-93.01146,2,False
10493,,5.72,7.3315,34.088808,-118.40612,2,False
10920,,6.7,7.3315,33.807761,-116.46473,2,False
12021,,3.42,7.3315,38.817993,-121.2631,2,False
10397,,4.32,7.3287,32.84681,-116.98983,2,False
10481,,4.42,7.3287,38.817993,-121.2631,2,False
10921,,7.8,7.3287,36.753177,-119.69703,2,False
11553,,9.24,7.3232,33.639994,-117.60351,2,False
10500,,7.28,7.3205,36.831723,-119.83198,2,False
10924,,7.02,7.3123,34.237964,-118.255984,2,False
10929,,7.15,7.2904,33.828766,-118.31367,2,False
11853,,8.165,7.2821,45.019315,-93.24304,2,False
10932,,4.64,7.2794,37.904173,-121.591426,2,False
10514,,11.88,7.2767,35.934783,-81.54476,2,False
10931,,5.3,7.2767,37.149067,-122.037538,2,False
10843,,10.71,7.2602,27.826864,-81.53291,2,False
10523,,8.37,7.2465,42.365936,-83.36513,2,False
10908,,4.06,7.2465,37.756264,-121.912452,2,False
10937,,17.4,7.2465,38.481674,-89.79432,2,False
10938,,11.7,7.2383,27.772121,-82.401017,2,False
10529,,6.3,7.2273,40.68085,-73.46289,2,False
10532,,8.75,7.2219,38.766341,-77.55578,2,False
10940,,2.4,7.2191,41.843702,-89.47636,2,False
10942,,5.94,7.2164,38.860247,-77.09627,2,False
11914,,6.0,7.2136,40.744646,-111.81123,2,False
10537,,11.76,7.2054,32.858727,-97.08453,2,False
10248,,12.0,7.1917,48.759079,-122.43597,2,False
10540,,7.02,7.1917,37.714179,-121.92567,2,False
10946,,8.875,7.1917,32.638654,-117.06686,2,False
10947,,6.93,7.1917,38.743811,-121.19013,2,False
10539,,5.04,7.1863,29.952305,-90.12347,2,False
10954,,9.81,7.1808,39.453833,-104.885409,2,False
12088,,3.682,7.1808,37.278843,-121.95446,2,False
11504,,10.075,7.178,33.097841,-117.26744,2,False
10952,,5.46,7.1698,41.893624,-87.969483,2,False
10433,,5.04,7.1616,38.622168,-120.849562,2,False
10244,,4.64,7.1589,33.024721,-96.74038,2,False
10341,,3.29,7.1589,33.975263,-118.35558,2,False
10142,,6.825,7.1561,40.649202,-74.34567,2,False
10956,,5.695,7.1506,33.786805,-84.437,2,False
10707,,12.06,7.1315,34.384663,-118.58704,2,False
10847,,14.79,7.1315,43.031491,-71.19598,2,False
10848,,8.0,7.1315,38.549256,-121.73655,2,False
10851,,4.48,7.1315,35.599177,-117.68065,2,False
10918,,4.64,7.1315,33.708843,-116.90948,2,False
10817,,6.08,7.1287,33.581533,-117.72474,2,False
11886,,11.55,7.1287,38.768829,-121.33629,2,False
10960,,7.8,7.126,28.233671,-82.45463,2,False
10961,,5.559,7.1232,30.501272,-97.83087,2,False
11940,,7.37,7.1178,33.868314,-118.06754,2,False
11782,,6.6,7.1068,32.918035,-117.08438,2,False
10957,,5.475,7.1013,37.834724,-122.28316,2,False
11795,,8.96,7.0849,37.436451,-121.89438,2,False
10816,,6.9,7.0821,42.069327,-87.98464,2,False
10436,,6.72,7.0767,33.714889,-117.7633,2,False
10354,,6.05,7.0739,47.771539,-122.271029,2,False
10943,,10.325,7.063,28.101527,-81.6235,2,False
11980,,1.24,7.0602,33.022384,-117.10694,2,False
10972,,8.235,7.052,39.955632,-105.018792,2,False
10965,,9.92,7.0493,42.682965,-70.84007,2,False
10958,,14.5,7.041,41.256129,-73.21227,2,False
11607,,8.55,7.0383,40.343261,-76.7808,2,False
10866,,8.1,7.0328,40.390216,-111.984612,2,False
10975,,5.525,7.0273,34.050764,-117.25327,2,False
10977,,15.08,7.0164,43.824885,-70.75038,2,False
11838,,3.64,7.0164,32.946776,-117.21918,2,False
10978,,6.6,7.0082,37.369473,-121.82077,2,False
11817,,8.04,7.0027,32.918035,-117.08438,2,False
11955,,6.3,6.9808,32.945419,-117.126151,2,False
10984,,14.16,6.9534,42.642431,-83.47193,2,False
11741,,3.84,6.9534,42.904258,-78.65519,2,False
11895,,8.82,6.9534,42.904258,-78.65519,2,False
10065,,5.28,6.9479,43.217134,-77.644367,2,False
10982,,11.6,6.9479,28.076744,-82.76116,2,False
10986,,5.94,6.9479,37.75838,-122.48478,2,False
10936,,8.235,6.9342,39.849474,-86.20448,2,False
10991,,6.51,6.9315,43.571132,-116.365387,2,False
11772,,6.27,6.9178,40.864757,-73.62609,2,False
10996,,5.015,6.9095,32.979561,-117.069939,2,False
10997,,9.6,6.8986,41.212954,-73.58409,2,False
12051,,9.18,6.8986,35.797882,-78.79702,2,False
10998,,12.54,6.8958,40.561598,-111.96088,2,False
10999,,7.83,6.8904,44.934915,-93.25424,2,False
10209,,17.0,6.8876,32.969472,-97.14486,2,False
10303,,8.4,6.8849,40.853343,-73.20777,2,False
11007,,9.0,6.8794,39.514738,-105.31198,2,False
11656,,7.5,6.8794,37.951672,-122.07317,2,False
11666,,8.82,6.8602,38.421068,-121.36059,2,False
11002,,10.2,6.8575,41.001695,-74.10239,2,False
11003,,5.67,6.8547,39.261906,-77.64239,2,False
11005,,13.2,6.852,39.119917,-77.77328,2,False
12221,,8.0,6.8465,40.11597,-74.32251,2,False
11573,,5.28,6.8438,33.571185,-117.15362,2,False
11010,,10.23,6.8301,42.151526,-71.42315,2,False
11636,,5.75,6.8246,32.84681,-116.98983,2,False
11722,,10.53,6.8246,37.932123,-121.70381,2,False
11012,,9.1,6.8191,39.00035,-77.379178,2,False
11957,,5.61,6.8191,33.495343,-117.07657,2,False
10609,,8.32,6.8136,34.313088,-118.402347,2,False
10971,,2.79,6.8,37.600735,-122.40135,2,False
11016,,11.39,6.8,42.484545,-71.15206,2,False
11020,,7.25,6.7835,39.902851,-74.16037,2,False
11021,,12.0,6.778,46.297139,-119.35457,2,False
10531,,5.4,6.7753,37.213624,-121.85671,2,False
11022,,9.72,6.7561,40.342227,-111.69522,2,False
11025,,14.04,6.7506,37.986418,-79.503338,2,False
10230,,2.8,6.7424,34.396646,-118.90082,2,False
11030,,5.28,6.7369,33.329994,-117.176283,2,False
11031,,11.6,6.7315,34.538622,-117.17729,2,False
11651,,6.3,6.7315,37.951672,-122.07317,2,False
11032,,4.2,6.7013,37.74873,-122.41545,2,False
11643,,12.0,6.7013,47.58577,-122.30081,2,False
11747,,3.5,6.6986,43.087613,-77.6352,2,False
11893,,9.3,6.6986,39.177383,-120.14607,2,False
11034,,4.27,6.6904,37.998912,-122.11501,2,False
11035,,12.395,6.6904,41.140896,-73.35178,2,False
11539,,5.61,6.6904,34.478797,-118.65255,2,False
12048,,5.58,6.6849,38.860247,-77.09627,2,False
11038,,19.5,6.6794,39.125776,-76.51863,2,False
11041,,9.0,6.6794,29.412338,-98.70484,2,False
10267,,5.25,6.6602,30.035208,-90.251322,2,False
11037,,8.05,6.652,37.722279,-122.15702,2,False
11650,,13.2,6.652,33.639227,-117.58518,2,False
11043,,5.795,6.6438,38.697238,-121.80944,2,False
11489,,9.8,6.6438,42.10979,-88.04917,2,False
11039,,5.015,6.6328,42.370837,-83.4856,2,False
12099,,11.44,6.6273,32.873849,-116.90477,2,False
11047,,9.61,6.6136,39.082894,-84.15319,2,False
11057,,3.45,6.6136,42.212949,-71.20735,2,False
11049,,7.0,6.6082,35.39068,-119.18583,2,False
11050,,3.685,6.6054,37.244426,-121.83246,2,False
11048,,6.24,6.6027,43.108241,-88.48935,2,False
11051,,7.83,6.6027,39.595115,-104.7485,2,False
11697,,8.375,6.6,33.053092,-117.26855,2,False
11053,,13.6,6.5945,41.854953,-91.599775,2,False
11528,,5.61,6.589,37.998912,-122.11501,2,False
11900,,9.18,6.589,36.831723,-119.83198,2,False
11936,,11.315,6.5863,41.053182,-73.77672,2,False
12068,,5.98,6.5835,37.316983,-121.93555,2,False
11054,,5.61,6.5726,42.187862,-71.433249,2,False
11465,,3.77,6.5589,39.720955,-121.81888,2,False
10242,,4.25,6.5561,32.918035,-117.08438,2,False
11058,,11.2,6.5534,42.458785,-84.19374,2,False
11803,,9.72,6.5479,33.053092,-117.26855,2,False
11061,,13.02,6.5397,38.74785,-90.30258,2,False
11063,,9.15,6.5397,47.808816,-122.28394,2,False
11062,,6.03,6.5287,32.944359,-117.125658,2,False
11066,,7.59,6.5205,34.125147,-117.45818,2,False
11064,,11.025,6.5178,33.022051,-96.43601,2,False
11065,,12.95,6.5178,40.338552,-111.7162,2,False
11832,,6.867,6.5178,40.60787,-74.08991,2,False
11067,,11.7,6.515,40.465161,-111.76279,2,False
10678,,10.71,6.5095,35.892359,-79.020849,2,False
11070,,7.59,6.5041,34.277681,-118.661539,2,False
11072,,10.23,6.5041,42.220447,-71.53418,2,False
11777,,13.3,6.4904,38.797424,-77.39237,2,False
11052,,9.72,6.4767,39.774341,-105.10036,2,False
11675,,8.05,6.4712,37.722279,-122.15702,2,False
11738,,8.05,6.4712,37.39324,-121.96066,2,False
11589,,10.62,6.4493,39.470603,-76.81417,2,False
11076,,4.68,6.441,42.949707,-78.85923,2,False
11824,,5.51,6.4219,37.68973,-121.89244,2,False
11079,,8.4,6.4191,46.92275,-114.07639,2,False
11485,,7.5,6.4191,39.535285,-87.35222,2,False
10285,,17.885,6.4164,47.609222,-122.1155,2,False
11897,,8.28,6.4164,37.65778,-121.73011,2,False
11078,,11.505,6.4082,39.352687,-84.78591,2,False
11082,,14.08,6.3972,37.405699,-119.56754,2,False
11081,,12.6,6.3945,34.789884,-82.56459,2,False
11087,,4.905,6.378,43.119815,-77.805369,2,False
11077,,9.57,6.3753,39.853813,-74.938535,2,False
11911,,7.3,6.3753,42.419496,-71.15635,2,False
11127,,7.35,6.3698,42.380562,-71.62665,2,False
11530,,10.065,6.3643,38.768829,-121.33629,2,False
11728,,5.28,6.3589,33.673468,-118.00243,2,False
11080,,13.2,6.3534,42.409445,-88.17822,2,False
10271,,5.61,6.3424,37.895695,-122.11785,2,False
11518,,8.41,6.3424,33.77776,-112.07945,2,False
11089,,8.625,6.3342,43.099648,-93.610073,2,False
11096,,7.245,6.3315,30.341557,-97.854345,2,False
11097,,6.0,6.3315,28.094144,-81.48395,2,False
11098,,4.8,6.3232,37.728417,-121.42399,2,False
10113,,6.6,6.3205,35.05462,-106.572149,2,False
11099,,6.82,6.3205,40.051051,-105.02767,2,False
11964,,3.96,6.315,37.295092,-121.89649,2,False
10294,,19.76,6.3095,45.284366,-85.023249,2,False
11088,,16.425,6.3095,27.847802,-82.31799,2,False
10296,,5.12,6.3068,34.12716,-117.20073,2,False
11484,,3.9,6.3013,33.195354,-117.28232,2,False
11106,,7.0,6.2904,37.899882,-122.171089,2,False
11112,,10.89,6.2876,43.480704,-70.45871,2,False
11107,,6.54,6.2684,29.735832,-82.39008,2,False
11687,,5.61,6.2657,33.615462,-117.64093,2,False
11108,,10.72,6.263,42.664042,-71.163842,2,False
11111,,7.68,6.2493,39.741385,-74.99035,2,False
11985,,7.59,6.2465,33.035844,-116.8513,2,False
11092,,7.2,6.2438,39.380857,-104.89947,2,False
11754,,3.84,6.2383,38.460594,-122.6422,2,False
11103,,6.6,6.2356,33.957957,-117.24833,2,False
11113,,6.93,6.2328,34.114558,-118.19233,2,False
11114,,8.99,6.2109,37.612173,-89.17587,2,False
11551,,8.25,6.2109,33.739571,-117.78618,2,False
12005,,8.25,6.2054,32.662563,-116.95413,2,False
10808,,18.24,6.2,28.425221,-81.30353,2,False
11885,,4.62,6.1945,39.963322,-105.15053,2,False
11798,,5.94,6.1835,33.097841,-117.26744,2,False
11119,,4.64,6.1753,32.77518,-116.935789,2,False
11120,,8.4,6.1726,42.399546,-71.12165,2,False
11122,,7.92,6.1643,35.927901,-114.972061,2,False
10406,,8.19,6.1616,41.968987,-70.80452,2,False
10415,,5.985,6.1616,33.601629,-117.639943,2,False
10420,,4.675,6.1616,37.257643,-121.89072,2,False
10428,,7.32,6.1616,32.762956,-116.990114,2,False
10429,,4.68,6.1616,35.643545,-78.83486,2,False
10432,,8.207,6.1616,32.675604,-97.02346,2,False
10017,,7.2,6.1589,40.006855,-75.802725,2,False
10085,,6.72,6.1589,32.714084,-97.455784,2,False
10094,,6.37,6.1589,42.318695,-71.42344,2,False
10133,,7.05,6.1589,37.886786,-122.45936,2,False
10198,,5.5,6.1589,33.868314,-118.06754,2,False
10280,,4.59,6.1589,33.054671,-96.73506,2,False
10333,,6.76,6.1589,44.509744,-72.994756,2,False
10364,,19.5,6.1589,33.611272,-117.66681,2,False
10374,,12.0,6.1589,32.973645,-117.03701,2,False
10006,,6.9,6.1561,42.349708,-71.594007,2,False
11123,,7.28,6.1561,47.801194,-117.59325,2,False
11126,,9.9,6.1534,33.91355,-117.46052,2,False
11870,,4.69,6.1534,45.707153,-110.9878,2,False
11090,,10.08,6.1397,35.920341,-78.741822,2,False
11075,,4.02,6.1369,40.335398,-104.91477,2,False
11939,,6.6,6.1369,37.299474,-121.75446,2,False
10247,,7.15,6.1342,47.669182,-122.183672,2,False
11033,,8.125,6.1342,41.629413,-71.18724,2,False
11086,,16.2,6.1342,44.388556,-73.22318,2,False
11865,,5.92,6.1342,37.137595,-121.66211,2,False
10762,,15.36,6.1315,38.951397,-121.173062,2,False
10797,,5.76,6.1315,33.142706,-117.03049,2,False
10832,,8.82,6.1315,32.366724,-110.966381,2,False
10842,,4.8,6.1315,33.810848,-118.35096,2,False
10850,,4.8,6.1315,33.634821,-117.87453,2,False
10867,,6.27,6.1315,34.259052,-118.59426,2,False
10896,,14.0,6.1315,38.625217,-89.912488,2,False
10901,,5.68,6.1315,45.563881,-122.831485,2,False
10915,,9.9,6.1315,47.611021,-122.16858,2,False
10973,,9.23,6.1315,35.679194,-78.60246,2,False
10979,,3.72,6.1315,37.865026,-122.2859,2,False
10992,,10.64,6.1315,43.735335,-72.29086,2,False
11000,,5.886,6.1315,32.794449,-117.07221,2,False
11013,,8.4,6.1315,40.39159,-74.39329,2,False
11017,,8.41,6.1315,35.906016,-78.743197,2,False
10734,,5.67,6.1287,37.551586,-122.32773,2,False
10749,,10.5,6.1287,43.572671,-116.29527,2,False
10760,,5.3,6.1287,32.897459,-96.5497,2,False
10809,,2.475,6.1287,38.96146,-76.92056,2,False
10827,,4.56,6.1287,34.706356,-86.445268,2,False
11128,,8.125,6.1287,28.574628,-81.52946,2,False
10625,,9.405,6.1232,38.977109,-77.38527,2,False
10627,,11.2,6.1232,40.280454,-111.6491,2,False
10452,,11.55,6.1205,32.976054,-96.696818,2,False
11131,,11.52,6.1205,42.423882,-71.51086,2,False
11130,,9.49,6.1178,47.57487,-122.39392,2,False
11132,,9.72,6.1068,37.40679,-122.07461,2,False
11135,,9.66,6.1013,44.915413,-93.48443,2,False
11134,,10.665,6.0986,44.770297,-93.27302,2,False
11136,,10.075,6.0986,39.020637,-77.52276,2,False
11138,,9.69,6.0821,39.349642,-77.221369,2,False
10323,,8.1,6.0767,47.602139,-122.136062,2,False
10377,,6.12,6.0767,40.697907,-82.464016,2,False
10416,,6.84,6.0767,32.949203,-117.110144,2,False
10442,,8.25,6.0767,33.99605,-84.47464,2,False
10075,,6.375,6.0739,34.033564,-117.03776,2,False
10124,,7.65,6.0739,38.839078,-90.728664,2,False
10126,,3.28,6.0739,44.101227,-123.13604,2,False
10170,,12.74,6.0739,38.576253,-90.53117,2,False
10182,,8.75,6.0739,37.305714,-121.81145,2,False
10193,,12.42,6.0739,34.601311,-82.13111,2,False
10253,,1.75,6.0739,39.013062,-84.49419,2,False
10282,,5.0,6.0739,33.086868,-96.74504,2,False
10295,,5.75,6.0739,37.951672,-122.07317,2,False
11023,,7.8,6.0575,35.178543,-80.85375,2,False
11581,,11.59,6.0575,47.808816,-122.28394,2,False
11141,,10.385,6.0547,41.360798,-71.97281,2,False
10951,,11.685,6.052,28.491653,-81.26436,2,False
10413,,9.0,6.0493,40.461605,-74.3474,2,False
11150,,11.2,6.0493,43.043429,-71.533071,2,False
11660,,19.5,6.0383,38.808884,-90.85922,2,False
11500,,5.775,6.0356,32.84681,-116.98983,2,False
11715,,8.04,6.0356,32.7991,-116.97334,2,False
10128,,6.24,6.0328,42.189617,-71.697977,2,False
10829,,4.709,6.0328,39.963322,-105.15053,2,False
11019,,5.22,6.0328,44.485577,-73.221464,2,False
11147,,5.28,6.0273,44.332217,-73.09254,2,False
11149,,18.56,6.0246,39.548049,-74.62171,2,False
11463,,10.2,6.0,32.385588,-111.05582,2,False
11155,,9.1,5.9753,34.000578,-117.96943,2,False
11159,,7.92,5.9753,38.484843,-84.61017,2,False
11156,,5.4,5.9616,39.793465,-121.87946,2,False
11157,,10.15,5.9589,38.076547,-78.89839,2,False
11162,,13.2,5.9479,34.063645,-117.89743,2,False
11154,,7.2,5.9452,33.479868,-111.6935,2,False
11163,,5.58,5.9424,38.607756,-121.18367,2,False
10328,,4.95,5.9342,33.062547,-117.243477,2,False
11165,,10.85,5.9342,39.041978,-77.49064,2,False
11166,,9.315,5.9342,38.778243,-77.18562,2,False
11145,,6.6,5.9178,34.239503,-118.48224,2,False
11170,,1.935,5.9068,39.36225,-76.58812,2,False
11172,,4.8,5.8931,40.36046,-111.987317,2,False
11153,,6.12,5.8821,41.46359,-74.05975,2,False
11177,,6.468,5.8821,38.874979,-77.11455,2,False
12035,,10.95,5.8821,37.213624,-121.85671,2,False
11178,,7.26,5.8657,34.103187,-118.042869,2,False
11181,,8.05,5.863,38.235865,-104.66972,2,False
11183,,10.675,5.8493,27.58856,-97.235047,2,False
11187,,17.75,5.841,43.497685,-112.07391,2,False
10329,,3.0,5.8301,37.749052,-122.442405,2,False
11189,,10.15,5.8301,32.292078,-110.84384,2,False
11191,,5.61,5.8246,40.695865,-73.809298,2,False
11182,,12.16,5.8219,35.921662,-78.45805,2,False
11194,,5.6,5.8136,40.953126,-74.03379,2,False
11186,,13.975,5.8109,37.986295,-121.628992,2,False
11195,,15.925,5.8082,33.657722,-112.17825,2,False
11197,,14.28,5.7972,41.867846,-89.219652,2,False
11199,,16.25,5.789,40.327741,-75.87002,2,False
11200,,4.9,5.7863,38.931479,-77.40085,2,False
11867,,6.6,5.7808,42.419496,-71.15635,2,False
11201,,4.95,5.7753,33.240926,-117.29851,2,False
11193,,5.85,5.7671,38.860551,-77.64947,2,False
11125,,8.32,5.7479,36.865587,-119.75917,2,False
11207,,4.56,5.7452,37.816876,-121.28541,2,False
11208,,12.6,5.7424,42.64857,-71.503392,2,False
11212,,9.855,5.726,41.707118,-88.19634,2,False
10362,,12.19,5.7232,37.742895,-121.12546,2,False
11213,,10.065,5.7232,40.410213,-74.11718,2,False
11217,,6.27,5.7232,41.945681,-87.7048,2,False
11211,,5.04,5.7205,32.742892,-117.12774,2,False
11218,,7.29,5.7205,41.99623,-87.81091,2,False
11171,,9.425,5.7178,33.130086,-96.78177,2,False
11628,,4.02,5.7178,37.571581,-122.0509,2,False
11203,,13.975,5.715,37.98629,-121.628993,2,False
11216,,3.6,5.7041,33.45053,-79.59233,2,False
11762,,12.025,5.7013,40.843012,-111.90581,2,False
11792,,2.64,5.7013,37.270543,-122.02305,2,False
10313,,4.4,5.6958,37.738497,-121.447851,2,False
11221,,13.65,5.6931,45.327429,-94.99921,2,False
11222,,11.4,5.6876,33.529314,-112.30607,2,False
11174,,4.96,5.6712,40.749224,-96.64566,2,False
11883,,12.87,5.6684,34.063645,-117.89743,2,False
10344,,7.7,5.663,37.779377,-120.796405,2,False
11770,,9.9,5.663,39.535285,-87.35222,2,False
11229,,9.38,5.6602,34.558425,-112.527871,2,False
11970,,3.6,5.6602,39.535285,-87.35222,2,False
11236,,7.035,5.6575,32.727008,-117.115101,2,False
11230,,7.75,5.6547,39.138978,-77.54519,2,False
11231,,9.24,5.6547,36.657266,-119.59309,2,False
11946,,10.5,5.6493,26.914393,-82.04106,2,False
11234,,11.05,5.6465,26.150863,-80.27284,2,False
11734,,4.69,5.6465,37.65778,-121.73011,2,False
11095,,16.5,5.641,40.050109,-85.99815,2,False
11688,,14.4,5.6328,41.132367,-73.78922,2,False
11225,,14.49,5.6301,42.3697,-71.30259,2,False
12072,,5.2,5.6273,33.022384,-117.10694,2,False
11242,,11.7,5.6136,26.05479,-80.31581,2,False
12007,,7.848,5.6136,38.922478,-77.2566,2,False
11243,,13.5,5.6082,39.104509,-76.99374,2,False
12043,,8.04,5.6,33.195354,-117.28232,2,False
10747,,6.72,5.5917,37.226194,-121.76514,2,False
11557,,12.9,5.5917,33.570763,-117.63463,2,False
11250,,10.0,5.589,44.129002,-73.05258,2,False
11986,,12.98,5.589,42.646942,-71.1513,2,False
12020,,12.96,5.5808,29.760833,-95.81104,2,False
11603,,6.48,5.578,35.39068,-119.18583,2,False
11210,,15.3,5.5616,28.308979,-81.37594,2,False
11259,,3.15,5.5369,42.034776,-88.32393,2,False
11254,,12.73,5.5315,37.574936,-122.36332,2,False
10404,,10.065,5.5123,33.158137,-117.32646,2,False
11517,,7.98,5.5068,32.914346,-117.14116,2,False
11902,,8.45,5.5013,37.270543,-122.02305,2,False
11265,,4.095,5.4958,37.281402,-122.003481,2,False
11933,,7.92,5.4904,42.506362,-71.20008,2,False
11267,,5.695,5.4876,34.182875,-118.76893,2,False
11264,,9.38,5.4794,36.358928,-119.24027,2,False
10251,,4.32,5.4739,34.119245,-117.8548,2,False
11014,,13.725,5.4712,30.195424,-85.66458,2,False
11248,,3.78,5.4712,37.29222,-121.881711,2,False
11270,,12.21,5.4657,40.963959,-74.61414,2,False
11512,,12.35,5.463,40.515645,-74.85319,2,False
10409,,7.65,5.4602,39.39667,-76.965,2,False
12006,,10.36,5.4575,42.318695,-71.42344,2,False
11276,,8.96,5.452,40.154464,-104.94367,2,False
11761,,8.19,5.4438,40.728901,-74.26821,2,False
10421,,5.49,5.4301,37.954122,-122.02506,2,False
10422,,3.57,5.4301,39.134062,-76.8579,2,False
11285,,10.0,5.4027,40.156035,-105.17365,2,False
10410,,8.55,5.4,41.948896,-79.189557,2,False
10904,,15.696,5.3972,41.751566,-74.09475,2,False
11673,,9.49,5.3972,38.977362,-77.34658,2,False
11960,,8.71,5.3835,33.097841,-117.26744,2,False
11290,,8.45,5.3753,37.942615,-121.732799,2,False
10424,,5.85,5.3726,32.719601,-117.16246,2,False
11288,,11.4,5.3671,39.912421,-105.3744,2,False
11293,,9.024,5.3561,41.086069,-112.06279,2,False
11287,,6.7,5.3369,33.340644,-117.222401,2,False
11601,,8.4,5.3315,32.500532,-99.69803,2,False
11175,,7.8,5.3287,38.830345,-77.21387,2,False
12089,,12.2,5.326,41.725288,-93.60475,2,False
11299,,7.54,5.3205,35.571827,-80.89228,2,False
11296,,7.41,5.3123,38.891134,-89.407156,2,False
11958,,4.8,5.3095,37.770937,-122.44276,2,False
11301,,17.0,5.3068,36.327063,-119.6451,2,False
11257,,14.625,5.2794,40.6789,-74.57039,2,False
11306,,10.8,5.2739,38.918435,-77.9255,2,False
11317,,8.4,5.263,30.150405,-94.41515,2,False
11209,,12.76,5.2602,41.84036,-89.31176,2,False
11309,,7.08,5.2575,43.305412,-87.99794,2,False
11188,,9.81,5.241,26.246151,-98.229157,2,False
11220,,8.829,5.2383,26.246103,-98.228889,2,False
11928,,3.7,5.2383,32.80225,-117.02431,2,False
11470,,19.2,5.2356,33.15023,-96.11289,2,False
12084,,3.84,5.2356,37.289642,-121.98311,2,False
11519,,6.7,5.2273,32.803799,-117.13595,2,False
10310,,2.925,5.2219,36.970151,-122.042275,2,False
11319,,10.065,5.2082,33.746953,-112.328169,2,False
11226,,9.45,5.2027,36.805717,-76.27126,2,False
11542,,8.91,5.2027,39.539556,-105.009739,2,False
11511,,10.027,5.1972,35.045886,-85.72513,2,False
11769,,9.945,5.1972,35.045886,-85.72513,2,False
10355,,6.72,5.1945,43.972505,-70.12291,2,False
10407,,8.37,5.1945,36.168817,-115.363567,2,False
10054,,5.4,5.1835,42.719754,-71.08071,2,False
11324,,16.64,5.1835,43.143143,-71.676598,2,False
11937,,6.75,5.1835,40.053511,-75.18858,2,False
11627,,6.48,5.1534,29.760833,-95.81104,2,False
11930,,5.4,5.1452,38.821753,-77.29293,2,False
11699,,7.92,5.1342,37.895695,-122.11785,2,False
12098,,9.28,5.1205,39.95645,-86.00872,2,False
12197,,8.505,5.1041,44.915413,-93.48443,2,False
11896,,2.268,5.0931,38.607756,-121.18367,2,False
11334,,14.95,5.052,41.028119,-73.976691,2,False
11996,,18.55,5.0493,34.478797,-118.65255,2,False
11929,,6.66,5.0465,37.350091,-122.03602,2,False
11927,,9.15,5.041,34.481172,-118.42821,2,False
11554,,9.72,5.0164,38.922478,-77.2566,2,False
11912,,15.19,5.0164,38.778243,-77.18562,2,False
11304,,7.93,5.0109,46.588803,-112.04193,2,False
10545,,8.75,5.0027,38.7475,-77.56917,2,False
11978,,16.12,4.9863,28.198441,-81.27246,2,False
11630,,12.54,4.9808,32.638654,-117.06686,2,False
10501,,5.04,4.9589,34.192102,-118.14206,2,False
12252,,9.44,4.9506,28.101527,-81.6235,2,False
11746,,8.25,4.9479,33.739571,-117.78618,2,False
11395,,5.28,4.9342,38.50603,-122.763595,2,False
11398,,2.4,4.9041,42.515252,-90.6794,2,False
11708,,8.28,4.9041,40.051051,-105.02767,2,False
11520,,6.1,4.8958,42.290763,-71.35368,2,False
11624,,6.0,4.8849,39.535285,-87.35222,2,False
11698,,9.715,4.8794,40.053511,-75.18858,2,False
10522,,6.72,4.8712,37.886875,-122.120267,2,False
12018,,17.04,4.8164,40.042957,-75.53221,2,False
10542,,5.355,4.8,33.857416,-118.25633,2,False
10543,,7.5,4.7972,39.881608,-105.09953,2,False
10544,,10.92,4.7945,40.842962,-73.14303,2,False
11872,,17.98,4.7945,38.996842,-77.13519,2,False
11403,,4.875,4.7917,32.96377,-117.122406,2,False
10533,,14.04,4.7863,27.68301,-82.72096,2,False
10548,,5.98,4.7753,30.406169,-97.75743,2,False
11474,,11.55,4.7589,42.484545,-71.15206,2,False
11975,,12.6,4.7452,38.333601,-104.74329,2,False
10560,,3.12,4.7342,44.953665,-93.15922,2,False
10562,,4.32,4.7342,32.76235,-117.12246,2,False
11951,,3.52,4.7342,36.327063,-119.6451,2,False
10530,,5.67,4.7287,33.097841,-117.26744,2,False
10550,,8.75,4.7232,42.125432,-71.10627,2,False
10573,,7.42,4.6958,36.746375,-119.639658,2,False
11578,,15.19,4.6931,39.229652,-77.1594,2,False
11932,,3.5,4.6931,37.307742,-121.99976,2,False
11418,,7.92,4.6849,41.885728,-88.31957,2,False
10568,,5.72,4.6712,38.550098,-121.37492,2,False
10579,,4.8,4.6657,42.904258,-78.65519,2,False
10585,,6.75,4.663,38.902873,-121.29795,2,False
10593,,3.18,4.6301,40.343261,-76.7808,2,False
10623,,4.65,4.6219,40.680145,-73.96257,2,False
10596,,3.51,4.6191,33.934513,-117.95159,2,False
10628,,4.05,4.6191,36.862243,-121.38006,2,False
10629,,3.92,4.6164,34.127819,-117.5246,2,False
11424,,18.75,4.6164,39.102915,-76.464002,2,False
10584,,2.85,4.6109,47.694119,-122.310769,2,False
10624,,3.38,4.6,38.333601,-104.74329,2,False
10608,,2.76,4.5808,44.913815,-93.17459,2,False
10618,,10.08,4.5671,36.305648,-119.451563,2,False
10587,,8.82,4.5561,32.761664,-117.146525,2,False
10642,,4.86,4.5534,42.430781,-71.45594,2,False
11446,,6.0,4.4794,44.489403,-71.686821,2,False
10616,,5.88,4.452,32.810406,-116.982736,2,False
11091,,5.22,4.4493,38.095772,-77.44404,2,False
11567,,7.14,4.4273,42.220447,-71.53418,2,False
11888,,7.685,4.4246,37.804064,-121.91202,2,False
11909,,8.82,4.4054,42.01183,-87.84158,2,False
11999,,7.685,4.4,37.804064,-121.91202,2,False
11505,,4.07,4.3945,34.134719,-117.664475,2,False
11559,,6.0,4.3945,40.32315,-74.78364,2,False
11454,,10.08,4.3835,35.26002,-80.804151,2,False
11753,,8.82,4.378,41.173445,-74.37404,2,False
11813,,6.03,4.3561,38.549256,-121.73655,2,False
11541,,6.3,4.3506,40.394235,-111.79449,2,False
10805,,7.475,4.3479,32.264365,-95.31347,2,False
11629,,13.53,4.3479,36.538017,-119.38887,2,False
11968,,8.58,4.3232,43.091183,-86.07346,2,False
10706,,3.92,4.3178,44.93484,-93.315511,2,False
12179,,5.025,4.3178,35.469938,-105.754453,2,False
11854,,5.52,4.3095,37.843726,-122.24369,2,False
11674,,8.82,4.3041,33.338333,-111.92962,2,False
10712,,6.21,4.2794,38.421068,-121.36059,2,False
10701,,12.6,4.2684,33.639227,-117.58518,2,False
10700,,4.16,4.263,39.339574,-120.22805,2,False
10718,,5.565,4.263,48.55113,-123.07563,2,False
10711,,2.915,4.2493,39.668576,-105.09191,2,False
10722,,6.48,4.2383,37.278843,-121.95446,2,False
12003,,9.49,4.2328,47.301252,-122.60562,2,False
10727,,11.13,4.2191,34.197737,-118.64797,2,False
10427,,14.96,4.2027,42.562196,-70.849092,2,False
10321,,20.0,4.1945,34.61646,-118.17641,2,False
10274,,0.675,4.1917,30.623129,-88.188388,2,False
10263,,7.56,4.1863,37.391729,-122.12854,2,False
10191,,6.885,4.1835,43.736732,-70.26027,2,False
10736,,10.725,4.1808,39.659671,-76.56859,2,False
11492,,5.85,4.1808,40.434239,-74.40504,2,False
11550,,7.4,4.1808,32.460959,-111.128029,2,False
10737,,8.1,4.178,38.956484,-84.08093,2,False
11565,,11.22,4.1643,38.605355,-121.28247,2,False
12155,,8.8,4.1643,39.522014,-105.223945,2,False
12097,,7.8,4.1589,42.518635,-83.16357,2,False
10745,,3.42,4.1452,37.317909,-122.04779,2,False
12080,,8.25,4.1452,38.599592,-120.657552,2,False
10746,,8.68,4.1424,47.745915,-116.754423,2,False
11577,,7.92,4.1287,34.101608,-118.05606,2,False
10743,,5.67,4.126,37.48858,-120.85196,2,False
11585,,9.92,4.1205,40.888988,-82.65598,2,False
11672,,11.56,4.1123,28.172041,-80.59957,2,False
11804,,10.5,4.0958,39.098692,-104.8684,2,False
11904,,9.45,4.0109,39.793686,-104.73913,2,False
11574,,13.02,4.0082,43.798251,-70.26554,2,False
11916,,9.69,4.0027,39.381295,-77.15867,2,False
